track_name,date,bias_type,horse_name,pp,fin,odds,odds_rank,comment,horse_name_clean,Track,Race,Jockey,Trainer,Owner,PPs
Finger Lakes,2025-07-01,inside,Je T'adore,6,2.0,17.6,5.0,"dkd out,bobbld st",je t'adore,Finger Lakes,7.0,"Perez, Luis","Breed, Jr., Ronald",Merrylegs Farm,ADD TO CART
Finger Lakes,2025-07-01,inside,Frisbee Bee,4,6.0,18.8,8.0,"3p turn,tired",frisbee bee,Finger Lakes,4.0,"Navarro, Kevin","Buckley, Jonathan",Walter Downey,ADD TO CART
Mountaineer Casino Racetrack & Resort,2025-07-06,inside,Fiery Side,4,5.0,68.1,7.0,"chased pace, spent",fiery side,Mountaineer Casino Racetrack & Resort,6.0,"Gomez, Alejandro","Baird, J.",John W. Baird,ADD TO CART
Mountaineer Casino Racetrack & Resort,2025-07-13,inside,Tap N Glo,5,2.0,7.8,4.0,rallied,tap n glo,Mountaineer Casino Racetrack & Resort,5.0,"Barbaran, Erik","Bernardini, Jay","Richard Burnsworth, Kristina Buyea, and Navy Chiefs Racing Stable (Stephen DiSte",ADD TO CART
Parx Racing,2025-07-07,inside,I Can Do Magic,4,6.0,30.1,8.0,"urged early, faded",i can do magic,Parx Racing,1.0,"Rivera, Luis","Wyner, Harold",Positive Connection Stable,ADD TO CART
Parx Racing,2025-07-07,inside,Hotpot,6,4.0,18.4,7.0,"narrowed gap, outrun",hotpot,Parx Racing,3.0,"Haddock, Dexter","Rosado, Roberto",G Racing Stable,ADD TO CART
Parx Racing,2025-07-07,inside,Z Storm Is Coming,4,1.0,50.7,6.0,"outside, weakened",z storm is coming,Parx Racing,7.0,"Ocasio, Luis","Rodriguez, Miguel",Miguel A. Rodriguez,ADD TO CART
Parx Racing,2025-07-09,inside,Texas Air Force,4,5.0,42.7,8.0,always outrun,texas air force,Mountaineer Casino Racetrack & Resort,4.0,"Stokes, Joe","Brooks, Gerald",Gerald E. Brooks,ADD TO CART
Thistledown,2025-07-07,inside,Vernon's Best,5,3.0,15.9,6.0,"best stride late,3wide",vernon's best,Thistledown,5.0,"Martinez, Miguel","Urieta, Johanna",Urieta's Racing Stable and Delia Quinteros,ADD TO CART
